排名,名次变动,团队名称,参赛编号,分数,上一整点分数,分数变动,提交时间,打分时间,快照时间
1,0,Increment is all u need,AIC-2026-76567157,0.8459,0.8459,0.0,2026-09-24 00:00:18,2026-09-24 00:00:29,2026-10-02 13:00
2,3,对不对不队,AIC-2026-14355925,0.8394,0.8304,0.009,2026-10-02 13:19:10,2026-10-02 13:19:19,2026-10-02 13:00
3,-1,安卓の梦魇,AIC-2026-40501149,0.8357,0.8357,0.0,2026-10-01 02:00:03,2026-10-01 02:00:12,2026-10-02 13:00
4,-1,YMC,AIC-2026-91625694,0.8316,0.8316,0.0,2026-09-30 17:17:11,2026-09-30 17:17:21,2026-10-02 13:00
5,-1,若我不曾见过太阳,AIC-2026-42442901,0.8315,0.8315,0.0,2026-10-01 12:29:38,2026-10-01 12:29:49,2026-10-02 13:00
6,0,ai炼丹队,AIC-2026-37172931,0.8304,0.8304,0.0,2026-10-01 18:29:38,2026-10-01 18:29:41,2026-10-02 13:00
7,0,沙琪玛,AIC-2026-66861075,0.8304,0.8304,0.0,2026-10-01 05:34:24,2026-10-01 05:34:30,2026-10-02 13:00
8,2,板栗,AIC-2026-88097941,0.8279,0.8223,0.0056,2026-10-02 11:36:48,2026-10-02 11:36:51,2026-10-02 13:00
9,-1,随缘打打队,AIC-2026-82506637,0.8262,0.8262,0.0,2026-09-25 13:41:21,2026-09-25 13:41:33,2026-10-02 13:00
10,-1,汪汪队,AIC-2026-72144299,0.8236,0.8236,0.0,2026-09-30 03:40:55,2026-09-30 03:40:59,2026-10-02 13:00
11,1,幺六幺七,AIC-2026-30529171,0.8221,0.8221,0.0,2026-09-27 18:43:48,2026-09-27 18:43:51,2026-10-02 13:00
12,1,大橘喵喵喵喵喵,AIC-2026-80140736,0.8218,0.8218,0.0,2026-10-02 00:02:47,2026-10-02 00:02:55,2026-10-02 13:00
13,1,Neuron,AIC-2026-76753284,0.8214,0.8214,0.0,2026-09-25 13:02:45,2026-09-25 13:02:55,2026-10-02 13:00
14,1,哒哒哒哒哒,AIC-2026-10155370,0.8186,0.8186,0.0,2026-10-01 05:09:29,2026-10-01 05:09:36,2026-10-02 13:00
15,1,两者皆有可能这就是答案,AIC-2026-49314506,0.8167,0.8167,0.0,2026-09-29 00:31:40,2026-09-29 00:31:46,2026-10-02 13:00
16,1,Echo,AIC-2026-78063489,0.8153,0.8153,0.0,2026-09-26 10:25:29,2026-09-26 10:25:40,2026-10-02 13:00
17,1,La1n0x,AIC-2026-76282671,0.8151,0.8151,0.0,2026-10-02 11:43:35,2026-10-02 11:43:39,2026-10-02 13:00
18,1,Pingu,AIC-2026-82328783,0.8137,0.8137,0.0,2026-09-29 09:21:03,2026-09-29 09:21:14,2026-10-02 13:00
19,1,图识求索,AIC-2026-53917443,0.8127,0.8127,0.0,2026-09-30 19:49:56,2026-09-30 19:50:01,2026-10-02 13:00
20,1,三个臭皮匠,AIC-2026-82044469,0.8114,0.8114,0.0,2026-10-01 20:04:09,2026-10-01 20:04:18,2026-10-02 13:00
21,1,啊对对对,AIC-2026-77204426,0.8114,0.8114,0.0,2026-10-01 13:47:14,2026-10-01 13:47:19,2026-10-02 13:00
22,1,汪汪队,AIC-2026-99525140,0.8114,0.8114,0.0,2026-10-01 13:04:17,2026-10-01 13:04:18,2026-10-02 13:00
23,1,你所热爱的,AIC-2026-36004738,0.8112,0.8112,0.0,2026-10-01 13:30:55,2026-10-01 13:30:57,2026-10-02 13:00
24,1,随便吧,AIC-2026-39475858,0.8112,0.8112,0.0,2026-10-01 13:31:47,2026-10-01 13:31:53,2026-10-02 13:00
25,1,希望天天喝养乐多,AIC-2026-81178273,0.8109,0.8109,0.0,2026-09-29 21:41:16,2026-09-29 21:41:18,2026-10-02 13:00
26,1,兔兔真可爱队,AIC-2026-93429115,0.8091,0.8091,0.0,2026-10-01 23:08:45,2026-10-01 23:08:55,2026-10-02 13:00
27,1,仿生人会梦见电子羊,AIC-2026-40072341,0.8079,0.8079,0.0,2026-09-30 16:50:48,2026-09-30 16:50:57,2026-10-02 13:00
28,1,羊来,AIC-2026-75013935,0.8074,0.8074,0.0,2026-10-02 00:56:32,2026-10-02 00:56:37,2026-10-02 13:00
29,1,能不能让我混一混,AIC-2026-34985163,0.8056,0.8056,0.0,2026-09-27 11:18:21,2026-09-27 11:18:26,2026-10-02 13:00
30,1,没能让榜一大人尽兴真的很抱歉,AIC-2026-96544500,0.8051,0.8051,0.0,2026-09-23 16:06:18,2026-09-23 16:06:29,2026-10-02 13:00
31,1,优雅奶蛙,AIC-2026-17184692,0.8046,0.8046,0.0,2026-10-02 08:33:27,2026-10-02 08:33:37,2026-10-02 13:00
32,1,豪有道理的队,AIC-2026-27835555,0.8033,0.8033,0.0,2026-09-23 10:18:06,2026-09-23 10:18:17,2026-10-02 13:00
33,1,螺丝钉（不是）,AIC-2026-71416699,0.8033,0.8033,0.0,2026-10-01 17:51:59,2026-10-01 17:52:05,2026-10-02 13:00
34,1,听豹豹猫猫说团队名称越长就越厉害是真的吗,AIC-2026-72614318,0.803,0.803,0.0,2026-09-30 10:02:34,2026-09-30 10:02:43,2026-10-02 13:00
35,7,FUSION-MAX,AIC-2026-72672340,0.8021,0.7963,0.0058,2026-10-02 11:21:05,2026-10-02 11:21:11,2026-10-02 13:00
36,0,魔力魔力快快显灵,AIC-2026-99707083,0.8014,0.8014,0.0,2026-10-02 08:00:40,2026-10-02 08:00:46,2026-10-02 13:00
37,0,去薯条整点码头,AIC-2026-82308586,0.8009,0.8009,0.0,2026-10-02 11:47:41,2026-10-02 11:47:43,2026-10-02 13:00
38,0,鹰之团,AIC-2026-54845826,0.8004,0.8004,0.0,2026-09-29 13:03:32,2026-09-29 13:03:42,2026-10-02 13:00
39,0,鄂坏了豫备吃肯德冀,AIC-2026-66434842,0.7991,0.7991,0.0,2026-10-01 00:00:42,2026-10-01 00:00:52,2026-10-02 13:00
40,0,壮志凌云队,AIC-2026-94088437,0.7974,0.7974,0.0,2026-10-02 04:34:25,2026-10-02 04:34:35,2026-10-02 13:00
41,0,FusionGrounding,AIC-2026-67903895,0.797,0.7968,0.0002,2026-10-02 11:33:50,2026-10-02 11:33:54,2026-10-02 13:00
42,25,瑟莉亚赛高,AIC-2026-42875839,0.7963,0.7773,0.019,2026-10-02 13:42:38,2026-10-02 13:42:42,2026-10-02 13:00
43,0,VMC小队,AIC-2026-16766695,0.7954,0.7954,0.0,2026-09-29 16:23:30,2026-09-29 16:23:35,2026-10-02 13:00
44,0,没玩过原神,AIC-2026-51049788,0.7947,0.7947,0.0,2026-09-26 00:02:51,2026-09-26 00:02:54,2026-10-02 13:00
45,0,Henrixmd,AIC-2026-61099542,0.7944,0.7944,0.0,2026-09-28 19:15:18,2026-09-28 19:15:28,2026-10-02 13:00
46,0,dnk,AIC-2026-83827585,0.7938,0.7938,0.0,2026-09-27 00:57:54,2026-09-27 00:58:01,2026-10-02 13:00
47,0,图个明白,AIC-2026-48453332,0.7937,0.7937,0.0,2026-09-29 10:49:23,2026-09-29 10:49:34,2026-10-02 13:00
48,-37,做啥都队,AIC-2026-48779388,0.793,0.8221,-0.0291,2026-09-23 00:43:47,2026-09-23 00:43:55,2026-10-02 13:00
49,-1,花花队,AIC-2026-25163572,0.7928,0.7928,0.0,2026-10-01 23:47:32,2026-10-01 23:47:40,2026-10-02 13:00
50,-1,灵犀万物,AIC-2026-22235381,0.7921,0.7921,0.0,2026-09-25 09:09:12,2026-09-25 09:09:21,2026-10-02 13:00
51,-1,idk,AIC-2026-64542727,0.791,0.791,0.0,2026-09-28 10:32:17,2026-09-28 10:32:21,2026-10-02 13:00
52,-1,SHY,AIC-2026-52996484,0.7896,0.7896,0.0,2026-09-30 19:40:15,2026-09-30 19:40:16,2026-10-02 13:00
53,-1,BLG星际魅镞,AIC-2026-22547732,0.7891,0.7891,0.0,2026-10-02 07:56:10,2026-10-02 07:56:18,2026-10-02 13:00
54,-1,一点都队,AIC-2026-36047794,0.7889,0.7889,0.0,2026-10-01 14:27:17,2026-10-01 14:27:22,2026-10-02 13:00
55,-1,东南大学对,AIC-2026-92474125,0.7873,0.7873,0.0,2026-10-01 12:18:42,2026-10-01 12:18:48,2026-10-02 13:00
56,-1,队名起什么都可以,AIC-2026-40903484,0.7865,0.7865,0.0,2026-10-01 16:16:53,2026-10-01 16:17:03,2026-10-02 13:00
57,-1,海底小纵队,AIC-2026-52707092,0.7863,0.7863,0.0,2026-09-27 00:14:23,2026-09-27 00:14:31,2026-10-02 13:00
58,-1,东南大学队,AIC-2026-88784893,0.7859,0.7859,0.0,2026-10-01 19:16:05,2026-10-01 19:16:11,2026-10-02 13:00
59,-1,麒麟王的心脏,AIC-2026-77899569,0.7845,0.7845,0.0,2026-09-25 17:12:41,2026-09-25 17:12:46,2026-10-02 13:00
60,-1,铁石星肠,AIC-2026-17484684,0.7837,0.7837,0.0,2026-09-28 08:14:12,2026-09-28 08:14:24,2026-10-02 13:00
61,-1,啊对对队,AIC-2026-21310358,0.7833,0.7833,0.0,2026-09-30 04:20:58,2026-09-30 04:21:04,2026-10-02 13:00
62,9,/(ㄒoㄒ)/~~,AIC-2026-17950864,0.7831,0.7763,0.0068,2026-10-02 13:27:05,2026-10-02 13:27:14,2026-10-02 13:00
63,-2,we are falcons,AIC-2026-66717464,0.783,0.783,0.0,2026-09-22 20:41:05,2026-09-22 20:41:09,2026-10-02 13:00
64,-2,TFGIRLS,AIC-2026-77722455,0.7826,0.7826,0.0,2026-09-23 23:25:47,2026-09-23 23:25:58,2026-10-02 13:00
65,-2,做梦想到Idea,AIC-2026-82456436,0.7821,0.7821,0.0,2026-09-27 11:45:23,2026-09-27 11:45:33,2026-10-02 13:00
66,-2,竞走跳舞不如队,AIC-2026-70687357,0.7817,0.7817,0.0,2026-10-01 20:02:02,2026-10-01 20:02:06,2026-10-02 13:00
67,-2,大胡王朝2026,AIC-2026-36210017,0.7814,0.7814,0.0,2026-10-01 09:10:31,2026-10-01 09:10:38,2026-10-02 13:00
68,-2,离离原上咪,AIC-2026-34835309,0.7803,0.7803,0.0,2026-09-22 09:07:59,2026-09-22 09:08:09,2026-10-02 13:00
69,-1,紫霭幻机阵,AIC-2026-99095187,0.777,0.777,0.0,2026-09-30 09:16:41,2026-09-30 09:16:50,2026-10-02 13:00
70,-1,秽土转生复活上周的过拟合模型,AIC-2026-24667281,0.7766,0.7766,0.0,2026-10-01 19:48:55,2026-10-01 19:49:02,2026-10-02 13:00
71,-1,熬夜炼丹师,AIC-2026-14375345,0.7766,0.7766,0.0,2026-09-29 01:10:31,2026-09-29 01:10:35,2026-10-02 13:00
72,0,AIC鹰眼,AIC-2026-96831088,0.7761,0.7761,0.0,2026-10-01 17:42:29,2026-10-01 17:42:30,2026-10-02 13:00
73,0,清鉴万象,AIC-2026-80086768,0.7745,0.7745,0.0,2026-09-30 19:44:12,2026-09-30 19:44:19,2026-10-02 13:00
74,0,寻优者,AIC-2026-84636103,0.7745,0.7745,0.0,2026-09-22 12:47:48,2026-09-22 12:47:58,2026-10-02 13:00
75,0,SteinsGate,AIC-2026-54356902,0.7738,0.7738,0.0,2026-09-27 22:06:45,2026-09-27 22:06:50,2026-10-02 13:00
76,0,原始人：起洞,AIC-2026-66607516,0.7735,0.7735,0.0,2026-09-29 08:51:02,2026-09-29 08:51:05,2026-10-02 13:00
77,0,随机种子42,AIC-2026-99274781,0.7733,0.7733,0.0,2026-09-23 20:42:22,2026-09-23 20:42:28,2026-10-02 13:00
78,0,不登榜,AIC-2026-17258647,0.7731,0.7731,0.0,2026-09-23 00:37:01,2026-09-23 00:37:03,2026-10-02 13:00
79,0,无界视界,AIC-2026-71916057,0.7721,0.7721,0.0,2026-09-30 18:53:31,2026-09-30 18:53:36,2026-10-02 13:00
80,0,盲选,AIC-2026-21619118,0.7715,0.7715,0.0,2026-10-01 11:02:20,2026-10-01 11:02:22,2026-10-02 13:00
81,0,10101,AIC-2026-23851118,0.7708,0.7708,0.0,2026-10-01 15:41:46,2026-10-01 15:41:49,2026-10-02 13:00
82,0,云上码术,AIC-2026-48223699,0.7699,0.7699,0.0,2026-09-30 19:31:35,2026-09-30 19:31:39,2026-10-02 13:00
83,0,做得对,AIC-2026-74577474,0.7698,0.7698,0.0,2026-10-01 00:00:28,2026-10-01 00:00:40,2026-10-02 13:00
84,0,恭喜上一队,AIC-2026-41574691,0.7692,0.7692,0.0,2026-09-29 12:07:24,2026-09-29 12:07:28,2026-10-02 13:00
85,11,重生之队长带我拿国一,AIC-2026-51581599,0.7687,0.7575,0.0112,2026-10-02 12:49:04,2026-10-02 12:49:14,2026-10-02 13:00
86,-1,3=1,AIC-2026-69675652,0.7684,0.7684,0.0,2026-09-29 15:16:11,2026-09-29 15:16:13,2026-10-02 13:00
87,-1,万象推演,AIC-2026-77817199,0.7673,0.7673,0.0,2026-09-24 07:11:54,2026-09-24 07:11:57,2026-10-02 13:00
88,-1,一锦夺阳,AIC-2026-50255440,0.7661,0.7661,0.0,2026-09-27 12:17:34,2026-09-27 12:17:43,2026-10-02 13:00
89,-1,尽力而为,AIC-2026-27576146,0.7656,0.7656,0.0,2026-10-01 00:02:08,2026-10-01 00:02:09,2026-10-02 13:00
90,-1,H200,AIC-2026-44417787,0.7656,0.7656,0.0,2026-09-30 12:56:12,2026-09-30 12:56:22,2026-10-02 13:00
91,-1,GCowBaBy_,AIC-2026-78374172,0.7654,0.7654,0.0,2026-10-02 00:28:34,2026-10-02 00:28:43,2026-10-02 13:00
92,-1,调参对对队,AIC-2026-75858989,0.7652,0.7652,0.0,2026-09-23 08:04:40,2026-09-23 08:04:47,2026-10-02 13:00
93,-1,AAA大模型训练王总,AIC-2026-72687879,0.7638,0.7638,0.0,2026-10-01 09:02:41,2026-10-01 09:02:45,2026-10-02 13:00
94,-1,关注塔菲喵,AIC-2026-75865466,0.7629,0.7629,0.0,2026-09-30 00:42:38,2026-09-30 00:42:44,2026-10-02 13:00
95,-1,NUISTAI,AIC-2026-68071404,0.7603,0.7603,0.0,2026-09-27 15:58:12,2026-09-27 15:58:21,2026-10-02 13:00
96,6,Nailoong肥嘟嘟,AIC-2026-22073185,0.7599,0.7478,0.0121,2026-10-02 12:39:09,2026-10-02 12:39:17,2026-10-02 13:00
97,-2,直捣黄龙队,AIC-2026-88691650,0.7594,0.7594,0.0,2026-09-29 08:07:34,2026-09-29 08:07:43,2026-10-02 13:00
98,1,麻辣智能体,AIC-2026-54140430,0.7583,0.7548,0.0035,2026-10-02 13:29:07,2026-10-02 13:29:16,2026-10-02 13:00
99,-2,QT122,AIC-2026-38848766,0.7568,0.7568,0.0,2026-10-01 03:11:34,2026-10-01 03:11:43,2026-10-02 13:00
100,-2,pingu对,AIC-2026-32338367,0.7552,0.7552,0.0,2026-10-01 18:40:59,2026-10-01 18:41:04,2026-10-02 13:00
101,10,YZU参赛队,AIC-2026-31880919,0.7533,0.7346,0.0187,2026-10-02 12:57:37,2026-10-02 12:57:40,2026-10-02 13:00
102,-2,DreamFire,AIC-2026-21362350,0.752,0.752,0.0,2026-09-23 11:21:31,2026-09-23 11:21:34,2026-10-02 13:00
103,-2,cc队,AIC-2026-60184587,0.7511,0.7511,0.0,2026-10-02 01:04:23,2026-10-02 01:04:34,2026-10-02 13:00
104,-1,慧眼识精队,AIC-2026-27266605,0.7467,0.7467,0.0,2026-09-29 12:49:29,2026-09-29 12:49:34,2026-10-02 13:00
105,-1,知行致远队,AIC-2026-20364182,0.7446,0.7446,0.0,2026-10-01 12:40:45,2026-10-01 12:40:51,2026-10-02 13:00
106,-1,Loss归零,AIC-2026-51282002,0.7432,0.7432,0.0,2026-10-01 18:45:17,2026-10-01 18:45:29,2026-10-02 13:00
107,-1,芯鑫臻优,AIC-2026-71370886,0.7425,0.7425,0.0,2026-10-01 21:13:01,2026-10-01 21:13:02,2026-10-02 13:00
108,-1,模镜工坊,AIC-2026-78241821,0.7422,0.7422,0.0,2026-09-29 17:34:50,2026-09-29 17:35:01,2026-10-02 13:00
109,-1,三剑客,AIC-2026-14889225,0.7409,0.7409,0.0,2026-10-01 15:31:42,2026-10-01 15:31:43,2026-10-02 13:00
110,-1,自定义名称,AIC-2026-99051558,0.7397,0.7397,0.0,2026-10-02 09:26:05,2026-10-02 09:26:07,2026-10-02 13:00
111,1,Champion,AIC-2026-62908606,0.7378,0.7339,0.0039,2026-10-02 12:08:59,2026-10-02 12:09:10,2026-10-02 13:00
112,-2,上分大队,AIC-2026-28562302,0.7351,0.7351,0.0,2026-10-01 07:17:37,2026-10-01 07:17:38,2026-10-02 13:00
113,0,仿生人会遇到电子羊吗？,AIC-2026-96765198,0.7255,0.7255,0.0,2026-09-28 11:30:11,2026-09-28 11:30:20,2026-10-02 13:00
114,0,扣戴克斯说的队,AIC-2026-42291498,0.7244,0.7244,0.0,2026-09-23 20:12:40,2026-09-23 20:12:48,2026-10-02 13:00
115,0,机器学习干巴叠,AIC-2026-14754366,0.7197,0.7197,0.0,2026-09-30 17:11:48,2026-09-30 17:11:50,2026-10-02 13:00
116,0,从容应队,AIC-2026-62527806,0.7188,0.7188,0.0,2026-09-30 21:35:09,2026-09-30 21:35:16,2026-10-02 13:00
117,0,一起奋斗,AIC-2026-88600119,0.7185,0.7185,0.0,2026-09-23 10:19:38,2026-09-23 10:19:46,2026-10-02 13:00
118,0,调参不熬夜,AIC-2026-73278476,0.7148,0.7148,0.0,2026-10-01 11:37:53,2026-10-01 11:38:04,2026-10-02 13:00
119,0,Paranoid Ringo,AIC-2026-16052243,0.7144,0.7144,0.0,2026-09-25 02:01:26,2026-09-25 02:01:35,2026-10-02 13:00
120,0,从容应队,AIC-2026-83701190,0.7069,0.7069,0.0,2026-09-29 15:25:26,2026-09-29 15:25:35,2026-10-02 13:00
121,0,半路出现,AIC-2026-50720135,0.7032,0.7032,0.0,2026-09-26 22:36:22,2026-09-26 22:36:31,2026-10-02 13:00
122,0,桃园结义队,AIC-2026-62177556,0.7011,0.7011,0.0,2026-10-02 09:32:18,2026-10-02 09:32:24,2026-10-02 13:00
123,0,让我看看,AIC-2026-64786820,0.6989,0.6989,0.0,2026-09-26 10:07:07,2026-09-26 10:07:16,2026-10-02 13:00
124,0,AGI-dream,AIC-2026-53271811,0.6968,0.6968,0.0,2026-09-30 10:49:16,2026-09-30 10:49:25,2026-10-02 13:00
125,5,MTN收割机,AIC-2026-35244001,0.6916,0.6417,0.0499,2026-10-02 13:34:03,2026-10-02 13:34:15,2026-10-02 13:00
126,-1,野人开智,AIC-2026-81934084,0.681,0.681,0.0,2026-10-01 12:06:48,2026-10-01 12:06:53,2026-10-02 13:00
127,-1,GMteam,AIC-2026-57103110,0.667,0.667,0.0,2026-09-29 22:05:35,2026-09-29 22:05:47,2026-10-02 13:00
128,-1,可以可以,AIC-2026-83825128,0.6541,0.6541,0.0,2026-10-01 23:11:06,2026-10-01 23:11:09,2026-10-02 13:00
129,-1,猪猪侠,AIC-2026-98573645,0.6473,0.6473,0.0,2026-09-28 12:03:13,2026-09-28 12:03:18,2026-10-02 13:00
130,-1,哦对的对的不对不队,AIC-2026-37785665,0.6434,0.6434,0.0,2026-10-02 02:53:53,2026-10-02 02:53:58,2026-10-02 13:00
131,0,小白克高手,AIC-2026-28274068,0.639,0.639,0.0,2026-09-23 17:09:02,2026-09-23 17:09:04,2026-10-02 13:00
132,0,E101,AIC-2026-32204073,0.6381,0.6381,0.0,2026-09-24 15:02:49,2026-09-24 15:02:53,2026-10-02 13:00
133,0,对但不完全队,AIC-2026-88353321,0.6309,0.6309,0.0,2026-09-22 13:43:00,2026-09-22 13:43:05,2026-10-02 13:00
134,0,人工源于工人,AIC-2026-88669654,0.6221,0.6221,0.0,2026-09-27 22:14:28,2026-09-27 22:14:29,2026-10-02 13:00
135,0,TriGround三域智感,AIC-2026-40840987,0.6169,0.6169,0.0,2026-09-26 16:07:00,2026-09-26 16:07:02,2026-10-02 13:00
136,0,啊对对对,AIC-2026-46102713,0.5877,0.5877,0.0,2026-09-26 14:12:32,2026-09-26 14:12:40,2026-10-02 13:00
137,0,粥里无,AIC-2026-86097561,0.5815,0.5815,0.0,2026-10-02 00:24:06,2026-10-02 00:24:17,2026-10-02 13:00
138,0,多孜然不要辣,AIC-2026-43047914,0.575,0.575,0.0,2026-09-25 15:08:36,2026-09-25 15:08:39,2026-10-02 13:00
139,0,win,AIC-2026-77900077,0.5585,0.5585,0.0,2026-10-01 11:44:27,2026-10-01 11:44:29,2026-10-02 13:00
140,0,715队,AIC-2026-83240357,0.5547,0.5547,0.0,2026-09-30 18:18:58,2026-09-30 18:19:07,2026-10-02 13:00
141,0,观衍队,AIC-2026-13229266,0.5453,0.5453,0.0,2026-09-28 17:42:41,2026-09-28 17:42:50,2026-10-02 13:00
142,0,财源滚滚队,AIC-2026-96594847,0.5165,0.5165,0.0,2026-10-01 14:19:35,2026-10-01 14:19:40,2026-10-02 13:00
143,0,Mamba,AIC-2026-40041403,0.5114,0.5114,0.0,2026-09-23 21:28:49,2026-09-23 21:28:57,2026-10-02 13:00
144,0,摘星,AIC-2026-39568572,0.5079,0.5079,0.0,2026-09-24 19:11:42,2026-09-24 19:11:44,2026-10-02 13:00
145,0,稳定性,AIC-2026-30530997,0.5079,0.5079,0.0,2026-09-28 16:43:48,2026-09-28 16:43:59,2026-10-02 13:00
146,0,想不出队名,AIC-2026-81848337,0.4921,0.4921,0.0,2026-09-24 10:20:40,2026-09-24 10:20:41,2026-10-02 13:00
147,0,随便起的队,AIC-2026-19515242,0.4724,0.4724,0.0,2026-10-01 02:42:37,2026-10-01 02:42:45,2026-10-02 13:00
148,0,智源求索队,AIC-2026-13051658,0.0443,0.0443,0.0,2026-09-29 20:10:11,2026-09-29 20:10:24,2026-10-02 13:00
